source_id,target_id,relationship,source_url,local_path,sha256
ahc-model,program_medicare-medicaid,belongs_to,https://resdac.org/cms-data/files/ahc-model,data/raw/html/dataset_page/1c35797b5493f4e27d3fcca1632661f8063b4618.html,cc5309cccfb2a3216d4098df2d8a69b69c4efa819f1fbbd5275eb4b7de90610b
ahcah-hospital,program_medicare,belongs_to,https://resdac.org/cms-data/files/ahcah-hospital,data/raw/html/dataset_page/1bc1428ed5b3cd286fd5e01f6f6ec6c9bfcd5ca4.html,0a0362d8b532a312d97a424a24b4daa78c0fa620493e45f58b51d727eaadb53c
ahcah-hospital,ahcah-patient,related_to,https://resdac.org/cms-data/files/ahcah-hospital,data/raw/html/dataset_page/1bc1428ed5b3cd286fd5e01f6f6ec6c9bfcd5ca4.html,0a0362d8b532a312d97a424a24b4daa78c0fa620493e45f58b51d727eaadb53c
ahcah-patient,program_medicare-medicaid,belongs_to,https://resdac.org/cms-data/files/ahcah-patient,data/raw/html/dataset_page/e4e7d441e332e7ddf0868ff151091dc1906c9165.html,bbe71bfcedf37a30f9aefd8e5d51959624dc4a82e1871e25a1954394bba54d77
ahcah-patient,ahcah-hospital,related_to,https://resdac.org/cms-data/files/ahcah-patient,data/raw/html/dataset_page/e4e7d441e332e7ddf0868ff151091dc1906c9165.html,bbe71bfcedf37a30f9aefd8e5d51959624dc4a82e1871e25a1954394bba54d77
cahps,program_medicare,belongs_to,https://resdac.org/cms-data/files/cahps,data/raw/html/dataset_page/4ea2b9eba73e8e42fe95c34773820b28b0ae4def.html,71c68ca0c63a09119578c7650ea37745f0584c870b4d94458d4184062bcdefaa
carrier-encounter,program_medicare,belongs_to,https://resdac.org/cms-data/files/carrier-encounter,data/raw/html/dataset_page/cd641d32e7c9025a275a13684b1e14a7acc25157.html,05800b273d194ff03339706dbd337c8ca6ed6372bda1676597a6a634d7ac4de2
carrier-encounter,program_medicare,belongs_to,https://resdac.org/cms-data/files/carrier-encounter?page=1,data/raw/html/dataset_page/3fc3fad128988cbf5f0a1b39005e72e895d911c4.html,dfae934585b530f774aed2df6b415c03f25b6b38b7c373e4b7bb554dee8fe9d4
carrier-ffs,program_medicare,belongs_to,https://resdac.org/cms-data/files/carrier-ffs,data/raw/html/dataset_page/59d788b5a532d93ac4dca20f9c258cc797fe6cb6.html,32efbe85ff2f074c8c3ef73cdb50d8618f8421b572f5344980d38bb2248a547b
carrier-ffs,program_medicare,belongs_to,https://resdac.org/cms-data/files/carrier-ffs?page=1,data/raw/html/dataset_page/a0834096ab82dc7c9a202c8f0be41ea79431fc37.html,7b42517083d489aa85f8c1592f840193a690a04c3097df58b231ae3ea4bc6b5b
cec-beneficiary,program_medicare,belongs_to,https://resdac.org/cms-data/files/cec-beneficiary,data/raw/html/dataset_page/7ffb06ad7fac8c92018706113a0d19ecec652fb2.html,168285c25cde74965048fee00304c6ef7b20a5d18b0a1e798532873b5cfb7cb4
cec-beneficiary,cec-provider,related_to,https://resdac.org/cms-data/files/cec-beneficiary,data/raw/html/dataset_page/7ffb06ad7fac8c92018706113a0d19ecec652fb2.html,168285c25cde74965048fee00304c6ef7b20a5d18b0a1e798532873b5cfb7cb4
cec-provider,program_medicare,belongs_to,https://resdac.org/cms-data/files/cec-provider,data/raw/html/dataset_page/a1cc7713cc9e8cb23fc129b4faf71274faea54dc.html,8a071e1eeebc48f4d09bd25776dea2ee683afe04a2d97180f35fe88d76e8d875
cec-provider,cec-beneficiary,related_to,https://resdac.org/cms-data/files/cec-provider,data/raw/html/dataset_page/a1cc7713cc9e8cb23fc129b4faf71274faea54dc.html,8a071e1eeebc48f4d09bd25776dea2ee683afe04a2d97180f35fe88d76e8d875
cmds-beneficiary,program_medicare,belongs_to,https://resdac.org/cms-data/files/cmds-beneficiary,data/raw/html/dataset_page/d48a69cecaed5ae7646e6ef39ac98789b97bdbc6.html,df6d842caf59b3d6836f433dc08878bbf4273ea48fe8c933f91a69d1a947c2e1
cmds-beneficiary,cmds-entity,related_to,https://resdac.org/cms-data/files/cmds-beneficiary,data/raw/html/dataset_page/d48a69cecaed5ae7646e6ef39ac98789b97bdbc6.html,df6d842caf59b3d6836f433dc08878bbf4273ea48fe8c933f91a69d1a947c2e1
cmds-entity,program_medicare,belongs_to,https://resdac.org/cms-data/files/cmds-entity,data/raw/html/dataset_page/fe306019948692b5209277e7fd3e0aeb53e463a9.html,2685836e906769b7ccf6179d34af812401af5e316bac75ec74cd745d7e8a15f9
cmds-provider,program_medicare,belongs_to,https://resdac.org/cms-data/files/cmds-provider,data/raw/html/dataset_page/d29088b3a0ca3b7bd57bfb2ce420ed5854cd27de.html,49df17e21e4730dc7204582c4d9f1b15df7e867a928de645319b4ea00bb57f34
cmds-provider,cmds-entity,related_to,https://resdac.org/cms-data/files/cmds-provider,data/raw/html/dataset_page/d29088b3a0ca3b7bd57bfb2ce420ed5854cd27de.html,49df17e21e4730dc7204582c4d9f1b15df7e867a928de645319b4ea00bb57f34
cmmi-model-data-sharing-cmds-model-participation-data-initiative,program_medicare,belongs_to,https://resdac.org/cms-data/files/cmmi-model-data-sharing-cmds-model-participation-data-initiative,data/raw/html/dataset_page/384107f331e2563369c38318d900e43172d43a4c.html,10376a299f887cfbb8932699b179b90a8833b76e8263630f3225520016dbf843
dme-encounter,program_medicare,belongs_to,https://resdac.org/cms-data/files/dme-encounter,data/raw/html/dataset_page/c23fcca164f03a963bd782a88f6ca79ff92aead3.html,e9d90b72b3188a389048a59819259a67eda47196cd75a77cd61a57f3f060ce6f
dme-encounter,program_medicare,belongs_to,https://resdac.org/cms-data/files/dme-encounter?page=1,data/raw/html/dataset_page/0c2a4f81a325635749c0d9ab9fa80b2ffcc04d1f.html,78389803f7a697fb88432b0c9f26bf26bd89a24c252ba5f9a2676b9ad4381304
dme-ffs,program_medicare,belongs_to,https://resdac.org/cms-data/files/dme-ffs,data/raw/html/dataset_page/ae362508e5c3cff6613bd82d4092fe9dba589d2c.html,9935834b1eaef3d50c73722a87ff228dca58d6a696e6fe0801816ee4afadff1e
dme-ffs,program_medicare,belongs_to,https://resdac.org/cms-data/files/dme-ffs?page=1,data/raw/html/dataset_page/73815f5de3bc34dd965c74a2be1645c77b831246.html,2dc7b6ed1bf6ddf72b2c00aa3b8f92dbcbb1ccf40a06d9dbde011660db068df1
hedis-rif,program_medicare,belongs_to,https://resdac.org/cms-data/files/hedis-rif,data/raw/html/dataset_page/53c762b9d98cbbd768630ecf1a91b72fe35aefeb.html,03a390573089d1d08aa40c50f89cca09610928aebdee5fbd32607d4de2dcf052
hedis-rif,hedis-rif-measures,related_to,https://resdac.org/cms-data/files/hedis-rif,data/raw/html/dataset_page/53c762b9d98cbbd768630ecf1a91b72fe35aefeb.html,03a390573089d1d08aa40c50f89cca09610928aebdee5fbd32607d4de2dcf052
hedis-rif,hedis-rif-pcr-measure,related_to,https://resdac.org/cms-data/files/hedis-rif,data/raw/html/dataset_page/53c762b9d98cbbd768630ecf1a91b72fe35aefeb.html,03a390573089d1d08aa40c50f89cca09610928aebdee5fbd32607d4de2dcf052
hedis-rif-measures,program_medicare,belongs_to,https://resdac.org/cms-data/files/hedis-rif-measures,data/raw/html/dataset_page/3f56579b8b9f43846fb5661b62bd296a42d69806.html,7de0b24f6dd9edce458034722ba24dd02d3141dccf1408dcd75e9815803e1f4d
hedis-rif-pcr-measure,program_medicare,belongs_to,https://resdac.org/cms-data/files/hedis-rif-pcr-measure,data/raw/html/dataset_page/21d6d237c32fea07af50f6e40ad3e0e6d3a0d116.html,b5e59232163b96fc9fa3608dcf9df0d0dd92a7fb8e138449e026133a11071a95
hha-encounter,program_medicare,belongs_to,https://resdac.org/cms-data/files/hha-encounter,data/raw/html/dataset_page/4fb670a23573bd7b0647d6c10fc05a39baf8dff8.html,d6ce87f9c3dbbcfa7adea249305cc94439549359430bbe0744096d59d564c0ca
hha-encounter,program_medicare,belongs_to,https://resdac.org/cms-data/files/hha-encounter?page=1,data/raw/html/dataset_page/f1a6c0b5003f715077f44fca089117f39ebb832b.html,7789f9b3d20eea65b468b5af8fac9e59ed914ba2c2df534156087be6c9061e67
hha-encounter,program_medicare,belongs_to,https://resdac.org/cms-data/files/hha-encounter?page=2,data/raw/html/dataset_page/22e3288d3f760638d04abe30249e6d2f960989ad.html,7799d9badf8d9125389e36c2d7c92b01ba70c60e87d3e8780c0a5652e792e936
hha-ffs,program_medicare,belongs_to,https://resdac.org/cms-data/files/hha-ffs,data/raw/html/dataset_page/8a72c4a9535ffc8f53655841fefcc77eb01cb3b9.html,b938a6cc0bbbcecbcbeec5271173f10ec927ae2433ff18758187320aafc7df4e
hha-ffs,program_medicare,belongs_to,https://resdac.org/cms-data/files/hha-ffs?page=1,data/raw/html/dataset_page/8f78db76414be1060cc9feced2e94189785a9386.html,944514bbc485d603b44206c92cad1b673cb232c0cb0a53e94db3ed28f25ef11f
hos-rif,program_medicare,belongs_to,https://resdac.org/cms-data/files/hos-rif,data/raw/html/dataset_page/3a2d6aac3217a98f46050a67c7808ce6efaf14ee.html,6ca191e65c2bc461282bd8a8fc9fec661e6816516530a464239e9aed62ec1627
hospice-ffs,program_medicare,belongs_to,https://resdac.org/cms-data/files/hospice-ffs,data/raw/html/dataset_page/82c705aa54aafef083cdcfbf4bd4666e8a12db0b.html,dd3cbb57f34e7b30e6313de95f83b8530e34a7b3224a32cea0d03830f59bc3a5
hospice-ffs,program_medicare,belongs_to,https://resdac.org/cms-data/files/hospice-ffs?page=1,data/raw/html/dataset_page/dbaf3aed47201c3fc4db788b6db09a84cd3fe53c.html,4d6d33e7a90d00bc8d7c85f22cab4fd03244ae87ff22290f509f749c2d89b6ac
hrs-medicare,program_medicare,belongs_to,https://resdac.org/cms-data/files/hrs-medicare,data/raw/html/dataset_page/56f0128f13eefc2a0c19fceb47f11980630a1d88.html,11b736e8dd18eb271cc0300afa3721e82d9c6df1c3e7fb3b124485cf01c83ca4
hrs-medicare,carrier-ffs,related_to,https://resdac.org/cms-data/files/hrs-medicare,data/raw/html/dataset_page/56f0128f13eefc2a0c19fceb47f11980630a1d88.html,11b736e8dd18eb271cc0300afa3721e82d9c6df1c3e7fb3b124485cf01c83ca4
ip-ffs,program_medicare,belongs_to,https://resdac.org/cms-data/files/ip-ffs,data/raw/html/dataset_page/12ad7f86859bcac979dcc71633871bf7328ffd7b.html,4b8df82248375d4dc2b7f2f4e151e9af288ccb7221087fb9e1838040c08226a2
ip-ffs,program_medicare,belongs_to,https://resdac.org/cms-data/files/ip-ffs?page=1,data/raw/html/dataset_page/5e06938543c28635217c25080fa7c1e2252f9b43.html,616d5f4b2c06216bf0cd95f70dde07a6b24cffdd86d2e3f8087fcf0d224ea064
irf-pai,program_medicare,belongs_to,https://resdac.org/cms-data/files/irf-pai,data/raw/html/dataset_page/baa26ed7c1fc23dc65c8af0a21caa69710fd2ab0.html,ee254ad3390596847bfecac5ffac43828bd01c7e33d724956a1c8dd00528e9a3
irf-pai,program_medicare,belongs_to,https://resdac.org/cms-data/files/irf-pai?page=1,data/raw/html/dataset_page/2531c97864d9977f43f254931709dac5933f2a23.html,2b53843bed4ce6734a48b82a8ae768b63bcfce35f529db8b6330aee4ce4228e2
kcc-beneficiary,program_medicare,belongs_to,https://resdac.org/cms-data/files/kcc-beneficiary,data/raw/html/dataset_page/c82b4d408518dc96fdf46a27f4e49158e8e95041.html,e26f81d101e5934dfecc27e54801f62fd28cbb384439f2451ab73f3871185979
kcc-beneficiary,kcc-provider,related_to,https://resdac.org/cms-data/files/kcc-beneficiary,data/raw/html/dataset_page/c82b4d408518dc96fdf46a27f4e49158e8e95041.html,e26f81d101e5934dfecc27e54801f62fd28cbb384439f2451ab73f3871185979
kcc-provider,program_medicare,belongs_to,https://resdac.org/cms-data/files/kcc-provider,data/raw/html/dataset_page/3047d052106df32116d1fcd096c5521ac8f2e200.html,6ffbe4b7b158a7b07fd03db41d3732e6de8433ed13ae158b5a034022036e074c
kcc-provider,kcc-beneficiary,related_to,https://resdac.org/cms-data/files/kcc-provider,data/raw/html/dataset_page/3047d052106df32116d1fcd096c5521ac8f2e200.html,6ffbe4b7b158a7b07fd03db41d3732e6de8433ed13ae158b5a034022036e074c
lcds,program_medicare,belongs_to,https://resdac.org/cms-data/files/lcds,data/raw/html/dataset_page/109fd512ef088bf16d35b6132390e9403fdb09e3.html,2751761177a3c0dce14e985304c3295c3e571d0b68e8b98e21d48173e3736049
max-ip,program_medicaid,belongs_to,https://resdac.org/cms-data/files/max-ip,data/raw/html/dataset_page/252bbce223cee13224fae984b7765753bbd11c6a.html,dcc04ef0f610292eb608e941a3a196483771a6bccb905c2874f78a46a7898a84
max-ip,program_medicaid,belongs_to,https://resdac.org/cms-data/files/max-ip?page=1,data/raw/html/dataset_page/515da00461d6442d0119c5c4c8cb1f3da0961381.html,36dd3720ba966548476c372d6bbff27f94f59eb92760e60c4958b833a2bf1ed9
max-lt,program_medicaid,belongs_to,https://resdac.org/cms-data/files/max-lt,data/raw/html/dataset_page/926065da5987e4d4b998ede3e7fd9c492f132963.html,c7bc2b22d1444f8964d157e59bc20c70d18e1c48caf1bc06e25614acf27e1d8b
max-lt,program_medicaid,belongs_to,https://resdac.org/cms-data/files/max-lt?page=1,data/raw/html/dataset_page/e93fb78e4019c671e994a0552e88d01b076e690f.html,52548ad1828cd7e99f7093f27dc0a34a85632c61de4025c45f895af288017f72
max-ot,program_medicaid,belongs_to,https://resdac.org/cms-data/files/max-ot,data/raw/html/dataset_page/c6bd9f0903948ef8616ff013b187c916461532ee.html,eea6e7a6de42f975aec29defa225b763408d41b1dc967d63459862d36415fbd7
max-ot,program_medicaid,belongs_to,https://resdac.org/cms-data/files/max-ot?page=1,data/raw/html/dataset_page/ac50f3d0b395926f11debae52a1bb6bf53dc607c.html,c7a89220a4d6909ed06819bed28605c1eb7efb5ac499cdbce4199559a076f0da
max-ps,program_medicaid,belongs_to,https://resdac.org/cms-data/files/max-ps,data/raw/html/dataset_page/4e3c4f054ed1962fea40eba9b0c480c20f86f8a9.html,ced763d3a24be103d7170d6a659a5d8187264226d3c60f136a5bc651182c6d70
max-ps,program_medicaid,belongs_to,https://resdac.org/cms-data/files/max-ps?page=1,data/raw/html/dataset_page/26130b574c5882f8dec0996e1b2406b6c2f7e3b3.html,159ed41e9caa0556f7787baf2a26f75c9da6e7affce5674616367266dab6a2d8
max-rx,program_medicaid,belongs_to,https://resdac.org/cms-data/files/max-rx,data/raw/html/dataset_page/58fd76e8a1843750b8c17b91b9595bc51b4c31b6.html,bdee990bf042ea722512863b39093aefcf02a10e94c5271d03c2bb999f1088c4
max-rx,program_medicaid,belongs_to,https://resdac.org/cms-data/files/max-rx?page=1,data/raw/html/dataset_page/628d80d9571d4dee54b1868e920448bf5ba9cccf.html,32998507ea468ae8065ebd6fb77547abba2e87e7e7d1baff71eb80d2debfc7cc
mbisg,program_medicare,belongs_to,https://resdac.org/cms-data/files/mbisg,data/raw/html/dataset_page/719d1d0b72f037784384d6658ed2c12e9fe1eaa4.html,c5f078ca0de6d4a2cfca3d8aa8ac34f01a9ce8b6aaeb2a6b6f10798f442b21b5
mbsf-27-cc,program_medicare,belongs_to,https://resdac.org/cms-data/files/mbsf-27-cc,data/raw/html/dataset_page/d0d1c923bc151d74eff941ab01ccc5b0d79a6387.html,2cc3dac2e05a0f58549a7c8cb7a0f19a712c8babe503de0491461d2aa78519ac
mbsf-27-cc,mbsf-base,related_to,https://resdac.org/cms-data/files/mbsf-27-cc,data/raw/html/dataset_page/d0d1c923bc151d74eff941ab01ccc5b0d79a6387.html,2cc3dac2e05a0f58549a7c8cb7a0f19a712c8babe503de0491461d2aa78519ac
mbsf-27-cc,program_medicare,belongs_to,https://resdac.org/cms-data/files/mbsf-27-cc?page=1,data/raw/html/dataset_page/6699b0dfb0111bbb6b6b3146eba42feed4fe9587.html,605476355cfc9a10990b5658e71f4064776590546b7d3f15e2aa04d8890cab78
mbsf-27-cc,mbsf-base,related_to,https://resdac.org/cms-data/files/mbsf-27-cc?page=1,data/raw/html/dataset_page/6699b0dfb0111bbb6b6b3146eba42feed4fe9587.html,605476355cfc9a10990b5658e71f4064776590546b7d3f15e2aa04d8890cab78
mbsf-30-cc,program_medicare,belongs_to,https://resdac.org/cms-data/files/mbsf-30-cc,data/raw/html/dataset_page/8ce691ade4c507e5fb6fccd9f57ea05b742d6ca4.html,9acefc52339171c174f139734fdb76cd2db7d1dfae48a2f2683300b70281931f
mbsf-30-cc,mbsf-base,related_to,https://resdac.org/cms-data/files/mbsf-30-cc,data/raw/html/dataset_page/8ce691ade4c507e5fb6fccd9f57ea05b742d6ca4.html,9acefc52339171c174f139734fdb76cd2db7d1dfae48a2f2683300b70281931f
mbsf-30-cc,program_medicare,belongs_to,https://resdac.org/cms-data/files/mbsf-30-cc?page=1,data/raw/html/dataset_page/e1008ac596c397313ccc0e4c65931d5fbe9c0413.html,ca1d3bdf0e812e9b4ce2b83d084afed9fcec98761a12b62a50ce1c387672e01e
mbsf-30-cc,mbsf-base,related_to,https://resdac.org/cms-data/files/mbsf-30-cc?page=1,data/raw/html/dataset_page/e1008ac596c397313ccc0e4c65931d5fbe9c0413.html,ca1d3bdf0e812e9b4ce2b83d084afed9fcec98761a12b62a50ce1c387672e01e
mbsf-base,program_medicare,belongs_to,https://resdac.org/cms-data/files/mbsf-base,data/raw/html/dataset_page/bc037fe7a91d939c1551aec399d84c3e4d69bc38.html,c28f34540e01c15a06f80e8378eee397660111df887653909aeb4c39614ff4f1
mbsf-base,mbsf-base-v2,related_to,https://resdac.org/cms-data/files/mbsf-base,data/raw/html/dataset_page/bc037fe7a91d939c1551aec399d84c3e4d69bc38.html,c28f34540e01c15a06f80e8378eee397660111df887653909aeb4c39614ff4f1
mbsf-base,mbsf-cc,related_to,https://resdac.org/cms-data/files/mbsf-base,data/raw/html/dataset_page/bc037fe7a91d939c1551aec399d84c3e4d69bc38.html,c28f34540e01c15a06f80e8378eee397660111df887653909aeb4c39614ff4f1
mbsf-base,mbsf-other-conditions,related_to,https://resdac.org/cms-data/files/mbsf-base,data/raw/html/dataset_page/bc037fe7a91d939c1551aec399d84c3e4d69bc38.html,c28f34540e01c15a06f80e8378eee397660111df887653909aeb4c39614ff4f1
mbsf-base,mbsf-cost-and-utilization,related_to,https://resdac.org/cms-data/files/mbsf-base,data/raw/html/dataset_page/bc037fe7a91d939c1551aec399d84c3e4d69bc38.html,c28f34540e01c15a06f80e8378eee397660111df887653909aeb4c39614ff4f1
mbsf-base,mbsf-ndi,related_to,https://resdac.org/cms-data/files/mbsf-base,data/raw/html/dataset_page/bc037fe7a91d939c1551aec399d84c3e4d69bc38.html,c28f34540e01c15a06f80e8378eee397660111df887653909aeb4c39614ff4f1
mbsf-base-v2,program_medicare,belongs_to,https://resdac.org/cms-data/files/mbsf-base-v2,data/raw/html/dataset_page/e78ac38bdfbc0e5aac972cd8dd03335ab6b80d9e.html,ca52b0e72e997f4cfc4d735c4df84fd296fb13079eddee3aa3fe88e3d60552b1
mbsf-base-v2,mbsf-cc,related_to,https://resdac.org/cms-data/files/mbsf-base-v2,data/raw/html/dataset_page/e78ac38bdfbc0e5aac972cd8dd03335ab6b80d9e.html,ca52b0e72e997f4cfc4d735c4df84fd296fb13079eddee3aa3fe88e3d60552b1
mbsf-base-v2,mbsf-other-conditions,related_to,https://resdac.org/cms-data/files/mbsf-base-v2,data/raw/html/dataset_page/e78ac38bdfbc0e5aac972cd8dd03335ab6b80d9e.html,ca52b0e72e997f4cfc4d735c4df84fd296fb13079eddee3aa3fe88e3d60552b1
mbsf-base-v2,mbsf-cost-and-utilization,related_to,https://resdac.org/cms-data/files/mbsf-base-v2,data/raw/html/dataset_page/e78ac38bdfbc0e5aac972cd8dd03335ab6b80d9e.html,ca52b0e72e997f4cfc4d735c4df84fd296fb13079eddee3aa3fe88e3d60552b1
mbsf-base-v2,mbsf-ndi,related_to,https://resdac.org/cms-data/files/mbsf-base-v2,data/raw/html/dataset_page/e78ac38bdfbc0e5aac972cd8dd03335ab6b80d9e.html,ca52b0e72e997f4cfc4d735c4df84fd296fb13079eddee3aa3fe88e3d60552b1
mbsf-base-v2,mbsf-base,related_to,https://resdac.org/cms-data/files/mbsf-base-v2,data/raw/html/dataset_page/e78ac38bdfbc0e5aac972cd8dd03335ab6b80d9e.html,ca52b0e72e997f4cfc4d735c4df84fd296fb13079eddee3aa3fe88e3d60552b1
mbsf-base-v2,program_medicare,belongs_to,https://resdac.org/cms-data/files/mbsf-base-v2?page=1,data/raw/html/dataset_page/7f6620be0130d2512c41c119d6426f5eb0feab09.html,baddd513e5d8dbe6e15505310ecc26182827a99b6d15326c7483b42235ffd567
mbsf-base-v2,mbsf-cc,related_to,https://resdac.org/cms-data/files/mbsf-base-v2?page=1,data/raw/html/dataset_page/7f6620be0130d2512c41c119d6426f5eb0feab09.html,baddd513e5d8dbe6e15505310ecc26182827a99b6d15326c7483b42235ffd567
mbsf-base-v2,mbsf-other-conditions,related_to,https://resdac.org/cms-data/files/mbsf-base-v2?page=1,data/raw/html/dataset_page/7f6620be0130d2512c41c119d6426f5eb0feab09.html,baddd513e5d8dbe6e15505310ecc26182827a99b6d15326c7483b42235ffd567
mbsf-base-v2,mbsf-cost-and-utilization,related_to,https://resdac.org/cms-data/files/mbsf-base-v2?page=1,data/raw/html/dataset_page/7f6620be0130d2512c41c119d6426f5eb0feab09.html,baddd513e5d8dbe6e15505310ecc26182827a99b6d15326c7483b42235ffd567
mbsf-base-v2,mbsf-ndi,related_to,https://resdac.org/cms-data/files/mbsf-base-v2?page=1,data/raw/html/dataset_page/7f6620be0130d2512c41c119d6426f5eb0feab09.html,baddd513e5d8dbe6e15505310ecc26182827a99b6d15326c7483b42235ffd567
mbsf-base-v2,mbsf-base,related_to,https://resdac.org/cms-data/files/mbsf-base-v2?page=1,data/raw/html/dataset_page/7f6620be0130d2512c41c119d6426f5eb0feab09.html,baddd513e5d8dbe6e15505310ecc26182827a99b6d15326c7483b42235ffd567
mbsf-cc,program_medicare,belongs_to,https://resdac.org/cms-data/files/mbsf-cc,data/raw/html/dataset_page/7a716883a22e3fa32ac5abf4fd79b93351d3d91a.html,76ae2130b02bbc02936375f12d22b751ddc7cdafc2384a62d883b2c9c5bd2a83
mbsf-cc,mbsf-27-cc,related_to,https://resdac.org/cms-data/files/mbsf-cc,data/raw/html/dataset_page/7a716883a22e3fa32ac5abf4fd79b93351d3d91a.html,76ae2130b02bbc02936375f12d22b751ddc7cdafc2384a62d883b2c9c5bd2a83
mbsf-cc,mbsf-base,related_to,https://resdac.org/cms-data/files/mbsf-cc,data/raw/html/dataset_page/7a716883a22e3fa32ac5abf4fd79b93351d3d91a.html,76ae2130b02bbc02936375f12d22b751ddc7cdafc2384a62d883b2c9c5bd2a83
mbsf-cc,program_medicare,belongs_to,https://resdac.org/cms-data/files/mbsf-cc?page=1,data/raw/html/dataset_page/565b1d48d9ee441ed1b3aede7a79e911afe92eca.html,58d4916aa040dca370b680f84ca7fee7ae1d657e12b70ed97bd53a27d5658da7
mbsf-cc,mbsf-27-cc,related_to,https://resdac.org/cms-data/files/mbsf-cc?page=1,data/raw/html/dataset_page/565b1d48d9ee441ed1b3aede7a79e911afe92eca.html,58d4916aa040dca370b680f84ca7fee7ae1d657e12b70ed97bd53a27d5658da7
mbsf-cc,mbsf-base,related_to,https://resdac.org/cms-data/files/mbsf-cc?page=1,data/raw/html/dataset_page/565b1d48d9ee441ed1b3aede7a79e911afe92eca.html,58d4916aa040dca370b680f84ca7fee7ae1d657e12b70ed97bd53a27d5658da7
mbsf-cost-and-use,program_medicare,belongs_to,https://resdac.org/cms-data/files/mbsf-cost-and-use,data/raw/html/dataset_page/7552ff2238b2b2e9031180b3717bf5761986387c.html,e9d1865e262952c201bfff82a067405d5279ee49329f56267a9532a71cf08a0d
mbsf-cost-and-use,mbsf-base,related_to,https://resdac.org/cms-data/files/mbsf-cost-and-use,data/raw/html/dataset_page/7552ff2238b2b2e9031180b3717bf5761986387c.html,e9d1865e262952c201bfff82a067405d5279ee49329f56267a9532a71cf08a0d
mbsf-cost-and-utilization,program_medicare,belongs_to,https://resdac.org/cms-data/files/mbsf-cost-and-utilization,data/raw/html/dataset_page/7d330adad93c87fed02d63153399308af8edde55.html,548898b75c863acb8fb2b43f1edd041562ce002126f937c41e8d143326b84baf
mbsf-cost-and-utilization,mbsf-cost-and-use,related_to,https://resdac.org/cms-data/files/mbsf-cost-and-utilization,data/raw/html/dataset_page/7d330adad93c87fed02d63153399308af8edde55.html,548898b75c863acb8fb2b43f1edd041562ce002126f937c41e8d143326b84baf
mbsf-cost-and-utilization,mbsf-base,related_to,https://resdac.org/cms-data/files/mbsf-cost-and-utilization,data/raw/html/dataset_page/7d330adad93c87fed02d63153399308af8edde55.html,548898b75c863acb8fb2b43f1edd041562ce002126f937c41e8d143326b84baf
mbsf-ndi,program_medicare,belongs_to,https://resdac.org/cms-data/files/mbsf-ndi,data/raw/html/dataset_page/3aec89abd3a41a4113f77d1663b1d6008349df8c.html,5dbe618a58ab307023a5d61ed00cc2d5093101235d23c68c1a8c5ef173f25723
mbsf-other-conditions,program_medicare,belongs_to,https://resdac.org/cms-data/files/mbsf-other-conditions,data/raw/html/dataset_page/cb6221ac2e195081875db2207b6efc6681e56769.html,df4ccd8aa7bcab5983471a504d73d218ba7cf0a91e7059217337714e185f8676
mbsf-other-conditions,mbsf-base,related_to,https://resdac.org/cms-data/files/mbsf-other-conditions,data/raw/html/dataset_page/cb6221ac2e195081875db2207b6efc6681e56769.html,df4ccd8aa7bcab5983471a504d73d218ba7cf0a91e7059217337714e185f8676
md-ppas,program_medicare,belongs_to,https://resdac.org/cms-data/files/md-ppas,data/raw/html/dataset_page/2f231d2e4e57843df94c520b5bad73d382db2e35.html,8651fdce18c50dc378aa2b2b24277cb2727f274a29dc1223c2d0a9ccbf776280
mds-20,program_medicare-medicaid,belongs_to,https://resdac.org/cms-data/files/mds-20,data/raw/html/dataset_page/eb5bab1dec92071711367036fe0fcff79255ca71.html,02100a2b3d19705c21ff6831b7bbe18e0b9ab37769e7ff619bb4f3af24d126a1
mds-20,mds-sb-20,related_to,https://resdac.org/cms-data/files/mds-20,data/raw/html/dataset_page/eb5bab1dec92071711367036fe0fcff79255ca71.html,02100a2b3d19705c21ff6831b7bbe18e0b9ab37769e7ff619bb4f3af24d126a1
mds-20,mds-sb-30,related_to,https://resdac.org/cms-data/files/mds-20,data/raw/html/dataset_page/eb5bab1dec92071711367036fe0fcff79255ca71.html,02100a2b3d19705c21ff6831b7bbe18e0b9ab37769e7ff619bb4f3af24d126a1
mds-30,program_medicare-medicaid,belongs_to,https://resdac.org/cms-data/files/mds-30,data/raw/html/dataset_page/68b87fe1820ff2fa96582e804644705eaf024128.html,e219bb9919e969ce4922cf553312a7751660fb707b63ad71f43ca4b73801f6b5
mds-30,program_medicare-medicaid,belongs_to,https://resdac.org/cms-data/files/mds-30?page=1,data/raw/html/dataset_page/1ecc48c02e3b3399f1f6ee85cb1fb4a6d1708acd.html,a20afd506ae005b1cd70112c21b404454f51247691f3ffaaa4981ed2c4428f12
mds-sb-20,program_medicare-medicaid,belongs_to,https://resdac.org/cms-data/files/mds-sb-20,data/raw/html/dataset_page/12c4f6ae2dbdb765b50abbe151d7bb40f8635f80.html,12c943a5c87e92b580ef6f860a6bc226a6df52cc1096340aefbc338b712e9bdd
mds-sb-30,program_medicare-medicaid,belongs_to,https://resdac.org/cms-data/files/mds-sb-30,data/raw/html/dataset_page/c6e90ac5b4fcf202ebf30de1e4ebc4fdcbe8030b.html,efd82c1e4e2707eb90bdd6826264ec6ac77d94cf7cf2678d5afb3713738e31c5
mds-sb-30,program_medicare-medicaid,belongs_to,https://resdac.org/cms-data/files/mds-sb-30?page=1,data/raw/html/dataset_page/03a1170c0fe7a70db50121421af490a49f5eda59.html,46fa15f01e1d78853fc031b3ae803be1ea67f3370a7da0a0e7ec17790c67aead
medpar,program_medicare,belongs_to,https://resdac.org/cms-data/files/medpar,data/raw/html/dataset_page/1ec18076e07f7bc7a76e91df1dd2304395a72394.html,e847805bbdbb2d0a85b9d7da927ea22d08614ce4caaa9ed6793d0257330001c7
medpar,program_medicare,belongs_to,https://resdac.org/cms-data/files/medpar?page=1,data/raw/html/dataset_page/836dbe353b499896051544d2545edd5f19a6106e.html,8dcfb9fae666a56d15710178c07b05cbf1aaee6032868268b3bb96a392b12561
mesf-conditions,program_medicaid,belongs_to,https://resdac.org/cms-data/files/mesf-conditions,data/raw/html/dataset_page/f08566e9ff77b33f8482c1b865d835446c181ab2.html,fa93e1bf8c473ade35b45d8c7242fb243e7feca5fa545b4bc51c46f2f197ecca
mesf-ndi,program_medicaid,belongs_to,https://resdac.org/cms-data/files/mesf-ndi,data/raw/html/dataset_page/78aff82de2fa0476d44dc0080160c652b04c4094.html,94732afc8ddb5f24ee2a4826bf3cc61d3da972262df892fdf49a8366fd662375
mesf-ndi,mesf-conditions,related_to,https://resdac.org/cms-data/files/mesf-ndi,data/raw/html/dataset_page/78aff82de2fa0476d44dc0080160c652b04c4094.html,94732afc8ddb5f24ee2a4826bf3cc61d3da972262df892fdf49a8366fd662375
mesf-ndi,mbsf,related_to,https://resdac.org/cms-data/files/mesf-ndi,data/raw/html/dataset_page/78aff82de2fa0476d44dc0080160c652b04c4094.html,94732afc8ddb5f24ee2a4826bf3cc61d3da972262df892fdf49a8366fd662375
million-hearts,program_medicare,belongs_to,https://resdac.org/cms-data/files/million-hearts,data/raw/html/dataset_page/11f276dd2baad8d4c959761c4ccc486f650a7d4b.html,77bbcb2efc9cccebad22bc8f06f8157afc028d66b5621d9a387fafd158a9a658
million-hearts,million-hearts-model-raw-clinical,related_to,https://resdac.org/cms-data/files/million-hearts,data/raw/html/dataset_page/11f276dd2baad8d4c959761c4ccc486f650a7d4b.html,77bbcb2efc9cccebad22bc8f06f8157afc028d66b5621d9a387fafd158a9a658
million-hearts,million-hearts-model-final-clinical,related_to,https://resdac.org/cms-data/files/million-hearts,data/raw/html/dataset_page/11f276dd2baad8d4c959761c4ccc486f650a7d4b.html,77bbcb2efc9cccebad22bc8f06f8157afc028d66b5621d9a387fafd158a9a658
million-hearts,million-hearts-model-beneficiary-demographic,related_to,https://resdac.org/cms-data/files/million-hearts,data/raw/html/dataset_page/11f276dd2baad8d4c959761c4ccc486f650a7d4b.html,77bbcb2efc9cccebad22bc8f06f8157afc028d66b5621d9a387fafd158a9a658
million-hearts,million-hearts-model-visit,related_to,https://resdac.org/cms-data/files/million-hearts,data/raw/html/dataset_page/11f276dd2baad8d4c959761c4ccc486f650a7d4b.html,77bbcb2efc9cccebad22bc8f06f8157afc028d66b5621d9a387fafd158a9a658
million-hearts,million-hearts-model-practice-list,related_to,https://resdac.org/cms-data/files/million-hearts,data/raw/html/dataset_page/11f276dd2baad8d4c959761c4ccc486f650a7d4b.html,77bbcb2efc9cccebad22bc8f06f8157afc028d66b5621d9a387fafd158a9a658
million-hearts,million-hearts-model-provider-list,related_to,https://resdac.org/cms-data/files/million-hearts,data/raw/html/dataset_page/11f276dd2baad8d4c959761c4ccc486f650a7d4b.html,77bbcb2efc9cccebad22bc8f06f8157afc028d66b5621d9a387fafd158a9a658
million-hearts,million-hearts-model-alignment,related_to,https://resdac.org/cms-data/files/million-hearts,data/raw/html/dataset_page/11f276dd2baad8d4c959761c4ccc486f650a7d4b.html,77bbcb2efc9cccebad22bc8f06f8157afc028d66b5621d9a387fafd158a9a658
million-hearts-model-alignment,program_medicare,belongs_to,https://resdac.org/cms-data/files/million-hearts-model-alignment,data/raw/html/dataset_page/995ffafc09557f89ba7292d14f97e725d5c00d47.html,efcc1bdb19ec529501d52e0caadf602a5b02e1db381063de0df05ec0bc891ee8
million-hearts-model-alignment,program_medicare,belongs_to,https://resdac.org/cms-data/files/million-hearts-model-alignment?page=1,data/raw/html/dataset_page/2ef35ad68b97b1a876f94af5cf18da99eb2b9d36.html,3aa99ee80f891ea67ff9ed358ff3eb33dd92c00683fe63d2880adbd56b59d94a
million-hearts-model-beneficiary-demographic,program_medicare,belongs_to,https://resdac.org/cms-data/files/million-hearts-model-beneficiary-demographic,data/raw/html/dataset_page/b1e2387a5e152021678481211005771c29671845.html,a47f6d393a865c17a17f55d4c2b94970c5795dc1fe42faad26077e7d0e313c56
million-hearts-model-beneficiary-demographic,program_medicare,belongs_to,https://resdac.org/cms-data/files/million-hearts-model-beneficiary-demographic?page=1,data/raw/html/dataset_page/e482880f2eb8288d4e13995dba93d25264eda7c6.html,a9f48be836e4138dc9313d795ef73c7c3c4096590b74300224d08b3ad159ab5b
million-hearts-model-final-clinical,program_medicare,belongs_to,https://resdac.org/cms-data/files/million-hearts-model-final-clinical,data/raw/html/dataset_page/94453bf09772a2b3525e0c51fee2b137ed3d5a82.html,3abf22d906cce4d1fa72e789a9285d0fd99e97d47f0e3329cb6997fe5965cd0c
million-hearts-model-final-clinical,million-hearts-model-raw-clinical,related_to,https://resdac.org/cms-data/files/million-hearts-model-final-clinical,data/raw/html/dataset_page/94453bf09772a2b3525e0c51fee2b137ed3d5a82.html,3abf22d906cce4d1fa72e789a9285d0fd99e97d47f0e3329cb6997fe5965cd0c
million-hearts-model-final-clinical,program_medicare,belongs_to,https://resdac.org/cms-data/files/million-hearts-model-final-clinical?page=1,data/raw/html/dataset_page/cec81b494a5cf3d5db8f1bc622c030263f8f5cb7.html,47e50d8e01f55a8202700a14da822e68674e69f73e53ad0b676d2d167d5271be
million-hearts-model-final-clinical,million-hearts-model-raw-clinical,related_to,https://resdac.org/cms-data/files/million-hearts-model-final-clinical?page=1,data/raw/html/dataset_page/cec81b494a5cf3d5db8f1bc622c030263f8f5cb7.html,47e50d8e01f55a8202700a14da822e68674e69f73e53ad0b676d2d167d5271be
million-hearts-model-practice-list,program_medicare,belongs_to,https://resdac.org/cms-data/files/million-hearts-model-practice-list,data/raw/html/dataset_page/7a953a4fd8f9d25e00f77fc4524e277bb0c6ad0a.html,46cd4672284e0a482501873ff1d18d131efb61d54ea79ccc550968e07a9585ce
million-hearts-model-practice-list,program_medicare,belongs_to,https://resdac.org/cms-data/files/million-hearts-model-practice-list?page=1,data/raw/html/dataset_page/461213bb26f38197ebe336bdfd286e4ea35bd7f1.html,17f0c7694b2ceb2b800d350b6ee899090ac6e55412f4edc50d3c7d1675b89846
million-hearts-model-provider-list,program_medicare,belongs_to,https://resdac.org/cms-data/files/million-hearts-model-provider-list,data/raw/html/dataset_page/0e7e25108da8d3905517e4228828f812149b466c.html,215cf0d2b043dfa528822a1942265f40a2c13c9996884339d69f79cc38876130
million-hearts-model-provider-list,program_medicare,belongs_to,https://resdac.org/cms-data/files/million-hearts-model-provider-list?page=1,data/raw/html/dataset_page/427d5b97369f13b314b6abbbc651690e609ec985.html,dfa22c376451a923056b66ac8f40da0238b5f52f32ffaab0373210ca9f40335f
million-hearts-model-raw-clinical,program_medicare,belongs_to,https://resdac.org/cms-data/files/million-hearts-model-raw-clinical,data/raw/html/dataset_page/9eb4737f9e569d2ef9979be564830d39a11013fb.html,f8904a7116a42997b693e91438d927d3bf4f18b26e54b094a281e4f0914a0b88
million-hearts-model-raw-clinical,program_medicare,belongs_to,https://resdac.org/cms-data/files/million-hearts-model-raw-clinical?page=1,data/raw/html/dataset_page/72ee475771d626bb204c0fc1e193ec18d6e8d6d9.html,ff6a2c4c283705e41f80abc0cda3c569725ee9f88caff51a08bb862ae60a90a0
million-hearts-model-visit,program_medicare,belongs_to,https://resdac.org/cms-data/files/million-hearts-model-visit,data/raw/html/dataset_page/de4f6d0e0ef6aac54c9672b43bb0b7b4c7361065.html,9819b2ab8fbda8af2eafa75895183e611cfa9f12497e473cb34cf4cb5be3acef
million-hearts-model-visit,program_medicare,belongs_to,https://resdac.org/cms-data/files/million-hearts-model-visit?page=1,data/raw/html/dataset_page/b3cf81e0d45803a40a7257d835f432647f90ecbd.html,3cd8fb5fd12f58099ce82b3cfc8b3e1f4f3e2794f67031fd6a40c47715a65de5
million-hearts,program_medicare,belongs_to,https://resdac.org/cms-data/files/million-hearts?page=1,data/raw/html/dataset_page/86c5a3c7da1125d7c7b11d8b5388deaee3563996.html,305ea74c8f96bc1edc8b9a6f725a1c808f174867da18cc2b4e28b3e34b89ceb5
million-hearts,million-hearts-model-raw-clinical,related_to,https://resdac.org/cms-data/files/million-hearts?page=1,data/raw/html/dataset_page/86c5a3c7da1125d7c7b11d8b5388deaee3563996.html,305ea74c8f96bc1edc8b9a6f725a1c808f174867da18cc2b4e28b3e34b89ceb5
million-hearts,million-hearts-model-final-clinical,related_to,https://resdac.org/cms-data/files/million-hearts?page=1,data/raw/html/dataset_page/86c5a3c7da1125d7c7b11d8b5388deaee3563996.html,305ea74c8f96bc1edc8b9a6f725a1c808f174867da18cc2b4e28b3e34b89ceb5
million-hearts,million-hearts-model-beneficiary-demographic,related_to,https://resdac.org/cms-data/files/million-hearts?page=1,data/raw/html/dataset_page/86c5a3c7da1125d7c7b11d8b5388deaee3563996.html,305ea74c8f96bc1edc8b9a6f725a1c808f174867da18cc2b4e28b3e34b89ceb5
million-hearts,million-hearts-model-visit,related_to,https://resdac.org/cms-data/files/million-hearts?page=1,data/raw/html/dataset_page/86c5a3c7da1125d7c7b11d8b5388deaee3563996.html,305ea74c8f96bc1edc8b9a6f725a1c808f174867da18cc2b4e28b3e34b89ceb5
million-hearts,million-hearts-model-practice-list,related_to,https://resdac.org/cms-data/files/million-hearts?page=1,data/raw/html/dataset_page/86c5a3c7da1125d7c7b11d8b5388deaee3563996.html,305ea74c8f96bc1edc8b9a6f725a1c808f174867da18cc2b4e28b3e34b89ceb5
million-hearts,million-hearts-model-provider-list,related_to,https://resdac.org/cms-data/files/million-hearts?page=1,data/raw/html/dataset_page/86c5a3c7da1125d7c7b11d8b5388deaee3563996.html,305ea74c8f96bc1edc8b9a6f725a1c808f174867da18cc2b4e28b3e34b89ceb5
million-hearts,million-hearts-model-alignment,related_to,https://resdac.org/cms-data/files/million-hearts?page=1,data/raw/html/dataset_page/86c5a3c7da1125d7c7b11d8b5388deaee3563996.html,305ea74c8f96bc1edc8b9a6f725a1c808f174867da18cc2b4e28b3e34b89ceb5
mmleads-2,program_medicare-medicaid,belongs_to,https://resdac.org/cms-data/files/mmleads-2,data/raw/html/dataset_page/9826bacf328abda3f93623f8ca8af27e5961040d.html,f43af751e7c26686482b4e7fba452abc7f2ef388b81c92eb55da5474954b0bc7
mmleads-3,program_medicare-medicaid,belongs_to,https://resdac.org/cms-data/files/mmleads-3,data/raw/html/dataset_page/e55dd2c0c0262bd42e95663fc1f36db3ea96e068.html,1c66f95410c5905c912a0dbf4295c791b08fa763e39afe5984c257e9d0a2dbf7
ngaco-beneficiary,program_medicare,belongs_to,https://resdac.org/cms-data/files/ngaco-beneficiary,data/raw/html/dataset_page/dc78605b880da6acf5413b0e36abcd051fcc22e4.html,fa6b67b15e16bc36d8ac9c48631858a70f63d65bdf2766792bb2c6b18b2bcb99
ngaco-beneficiary,ngaco-provider,related_to,https://resdac.org/cms-data/files/ngaco-beneficiary,data/raw/html/dataset_page/dc78605b880da6acf5413b0e36abcd051fcc22e4.html,fa6b67b15e16bc36d8ac9c48631858a70f63d65bdf2766792bb2c6b18b2bcb99
ngaco-provider,program_medicare,belongs_to,https://resdac.org/cms-data/files/ngaco-provider,data/raw/html/dataset_page/6273349b5375e4ae0122178ff00841c6e978da09.html,d2ca8491a9504c92592c217782d0af8a3792f6947f59b00988d655c77a9fdaec
ngaco-provider,ngaco-beneficiary,related_to,https://resdac.org/cms-data/files/ngaco-provider,data/raw/html/dataset_page/6273349b5375e4ae0122178ff00841c6e978da09.html,d2ca8491a9504c92592c217782d0af8a3792f6947f59b00988d655c77a9fdaec
nhats,program_medicare,belongs_to,https://resdac.org/cms-data/files/nhats,data/raw/html/dataset_page/339cf08f4d14e58342b5b5b205746f10f0a4254c.html,ed502f035f36c7202b820c924a0eedad6a21f923a23bf913c725a53e66360b11
oasis,program_medicare-medicaid,belongs_to,https://resdac.org/cms-data/files/oasis,data/raw/html/dataset_page/02489b4d2a3fa9d7da770dbe896c765a00f62dbc.html,ff463f1b880a26cb10bd6456a1794487af5925754de61050d0429300fb21bbbf
ocm,program_medicare,belongs_to,https://resdac.org/cms-data/files/ocm,data/raw/html/dataset_page/f0223675b06f55836c8cb294b7336b31c9bd2d57.html,5fe7cc174dbef2118acc236b6e99b0b290db4252ed9a02c4b629bce40c3906cb
ocm,ocm-clinical-and-staging,related_to,https://resdac.org/cms-data/files/ocm,data/raw/html/dataset_page/f0223675b06f55836c8cb294b7336b31c9bd2d57.html,5fe7cc174dbef2118acc236b6e99b0b290db4252ed9a02c4b629bce40c3906cb
ocm,ocm-current-clinical-status,related_to,https://resdac.org/cms-data/files/ocm,data/raw/html/dataset_page/f0223675b06f55836c8cb294b7336b31c9bd2d57.html,5fe7cc174dbef2118acc236b6e99b0b290db4252ed9a02c4b629bce40c3906cb
ocm-clinical-and-staging,program_medicare,belongs_to,https://resdac.org/cms-data/files/ocm-clinical-and-staging,data/raw/html/dataset_page/e67fb8194a56ec61aead4bd4580e766d10529ed2.html,d124b09b5b935aa40c5c9d621a106b3b7d84fa950ab90b6a9c6318a44f6cf277
ocm-current-clinical-status,program_medicare,belongs_to,https://resdac.org/cms-data/files/ocm-current-clinical-status,data/raw/html/dataset_page/f1ac9f508a2284b35eb33f94c4a7438c882f785c.html,c25a00ad520d974f114d7cdde1fde690235210f311d11ebcc1cc5b47f2fa155f
op-encounter,program_medicare,belongs_to,https://resdac.org/cms-data/files/op-encounter,data/raw/html/dataset_page/22973e62284e3eee94a2c77066ffab1230e5745c.html,c4cf14ed0357f381e553a28d49108c5521909a889b83f49d3d6c167718a27abc
op-encounter,program_medicare,belongs_to,https://resdac.org/cms-data/files/op-encounter?page=1,data/raw/html/dataset_page/8d8101948f2978af09e9f0a954289b9ffd5fd1bf.html,384f886ce7fd4d90198652b4e93d4858896c41d2da352d22ec85a1222b7d5e23
op-ffs,program_medicare,belongs_to,https://resdac.org/cms-data/files/op-ffs,data/raw/html/dataset_page/b6b40167443d5c022d6c5eb797e6d44cf35507ec.html,73bb2667bdf0bb6e49c9a824780ef18e890a86a885100de9ffb9f3526fefaf6a
op-ffs,program_medicare,belongs_to,https://resdac.org/cms-data/files/op-ffs?page=1,data/raw/html/dataset_page/30ef37e7381b8bef46e1367b9fd9c5fedffd2f66.html,0274bd3a1b531975e350d55f4c3fc78580d11b1fb8c01f2eb082d28d05569fec
part-d-drug-characteristics,program_medicare,belongs_to,https://resdac.org/cms-data/files/part-d-drug-characteristics,data/raw/html/dataset_page/b4269402c704a3be3047575eff09335c9548adf0.html,c8e1d6cc76ce6893aafc854e85a45aa6776384782bb8d171a5fb90d051dc426a
part-d-drug-characteristics,pde,related_to,https://resdac.org/cms-data/files/part-d-drug-characteristics,data/raw/html/dataset_page/b4269402c704a3be3047575eff09335c9548adf0.html,c8e1d6cc76ce6893aafc854e85a45aa6776384782bb8d171a5fb90d051dc426a
part-d-drug-characteristics,program_medicare,belongs_to,https://resdac.org/cms-data/files/part-d-drug-characteristics?page=1,data/raw/html/dataset_page/d44960a0870a15bd37d7fb4526e471753a3ddd98.html,4a0af39c8c09232f981e302f795719641c589a29739dab390997d135e594fc00
part-d-drug-characteristics,pde,related_to,https://resdac.org/cms-data/files/part-d-drug-characteristics?page=1,data/raw/html/dataset_page/d44960a0870a15bd37d7fb4526e471753a3ddd98.html,4a0af39c8c09232f981e302f795719641c589a29739dab390997d135e594fc00
part-d-formulary,program_medicare,belongs_to,https://resdac.org/cms-data/files/part-d-formulary,data/raw/html/dataset_page/0e103930bfe306b73fe57cfcf18e4e6a732393d0.html,a5a5fae8e21121d7f944d8cf6846d74066716a45785ba2d464ae45a91978e3d2
part-d-formulary,pde,related_to,https://resdac.org/cms-data/files/part-d-formulary,data/raw/html/dataset_page/0e103930bfe306b73fe57cfcf18e4e6a732393d0.html,a5a5fae8e21121d7f944d8cf6846d74066716a45785ba2d464ae45a91978e3d2
part-d-formulary-file,program_medicare,belongs_to,https://resdac.org/cms-data/files/part-d-formulary-file,data/raw/html/dataset_page/0bf9771d496881228274f370db58a25aea9efa6f.html,491025292710a0d2c47a0058112f8571298ede22dc901d909b246b3d0a526f27
part-d-formulary-file,part-d-formulary,related_to,https://resdac.org/cms-data/files/part-d-formulary-file,data/raw/html/dataset_page/0bf9771d496881228274f370db58a25aea9efa6f.html,491025292710a0d2c47a0058112f8571298ede22dc901d909b246b3d0a526f27
part-d-formulary-file,pde,related_to,https://resdac.org/cms-data/files/part-d-formulary-file,data/raw/html/dataset_page/0bf9771d496881228274f370db58a25aea9efa6f.html,491025292710a0d2c47a0058112f8571298ede22dc901d909b246b3d0a526f27
part-d-formulary-file,program_medicare,belongs_to,https://resdac.org/cms-data/files/part-d-formulary-file?page=1,data/raw/html/dataset_page/ccc14c6da1800d579a6d2c65bb25415335484231.html,5596924acf805a11644fc00c3232871753161fbee67048c4f3191a80c1d2d55a
part-d-formulary-file,part-d-formulary,related_to,https://resdac.org/cms-data/files/part-d-formulary-file?page=1,data/raw/html/dataset_page/ccc14c6da1800d579a6d2c65bb25415335484231.html,5596924acf805a11644fc00c3232871753161fbee67048c4f3191a80c1d2d55a
part-d-formulary-file,pde,related_to,https://resdac.org/cms-data/files/part-d-formulary-file?page=1,data/raw/html/dataset_page/ccc14c6da1800d579a6d2c65bb25415335484231.html,5596924acf805a11644fc00c3232871753161fbee67048c4f3191a80c1d2d55a
part-d-formulary,program_medicare,belongs_to,https://resdac.org/cms-data/files/part-d-formulary?page=1,data/raw/html/dataset_page/11d9a872883bc4d19e66239ef8f263fcc5ea67b5.html,5c726d002b831c524dfc81d1bea7472beaf85251397ed304e4fe2d70dbfd9d99
part-d-formulary,pde,related_to,https://resdac.org/cms-data/files/part-d-formulary?page=1,data/raw/html/dataset_page/11d9a872883bc4d19e66239ef8f263fcc5ea67b5.html,5c726d002b831c524dfc81d1bea7472beaf85251397ed304e4fe2d70dbfd9d99
part-d-mtm,program_medicare,belongs_to,https://resdac.org/cms-data/files/part-d-mtm,data/raw/html/dataset_page/92f877ce64ac8a0cb2e4b27f1b2c3ec384191839.html,340f49abc3de0033439e08837aa247b2d1661a1f10f794595f1cb9a24145060c
part-d-mtm,program_medicare,belongs_to,https://resdac.org/cms-data/files/part-d-mtm?page=1,data/raw/html/dataset_page/d551119ea23cdc896e866c79287b606e6548c277.html,0187b70d2ae5fbed6613486b69150fc4fa94d6fa74a3e2587c0ef878c9111cdf
part-d-pharmacy-characteristics,program_medicare,belongs_to,https://resdac.org/cms-data/files/part-d-pharmacy-characteristics,data/raw/html/dataset_page/541baeea95d188c8d5aaa3d036611cb1af88bcff.html,4d568acde4a297dca6d364cf0dc7de3be15a6cc5c9dd4687e47e5e247b44fe25
part-d-pharmacy-characteristics,pde,related_to,https://resdac.org/cms-data/files/part-d-pharmacy-characteristics,data/raw/html/dataset_page/541baeea95d188c8d5aaa3d036611cb1af88bcff.html,4d568acde4a297dca6d364cf0dc7de3be15a6cc5c9dd4687e47e5e247b44fe25
part-d-pharmacy-characteristics,program_medicare,belongs_to,https://resdac.org/cms-data/files/part-d-pharmacy-characteristics?page=1,data/raw/html/dataset_page/426dd5c8209fc57fc3edb46f31c500aa1b07edcd.html,71c45f8b9998fbcd0384448ea68820fb7722419f4b4cbf633e1100ff2c2e8ccf
part-d-pharmacy-characteristics,pde,related_to,https://resdac.org/cms-data/files/part-d-pharmacy-characteristics?page=1,data/raw/html/dataset_page/426dd5c8209fc57fc3edb46f31c500aa1b07edcd.html,71c45f8b9998fbcd0384448ea68820fb7722419f4b4cbf633e1100ff2c2e8ccf
part-d-plan-election-type-beneficiary-summary,program_medicare,belongs_to,https://resdac.org/cms-data/files/part-d-plan-election-type-beneficiary-summary,data/raw/html/dataset_page/fc95dabdf48b27f8ed244b5bce6514eee1ae4e27.html,c629185777088c1097ce68c41607db7f40050be88834c870bee510e1609e5b14
part-d-plan-election-type-beneficiary-summary,pde,related_to,https://resdac.org/cms-data/files/part-d-plan-election-type-beneficiary-summary,data/raw/html/dataset_page/fc95dabdf48b27f8ed244b5bce6514eee1ae4e27.html,c629185777088c1097ce68c41607db7f40050be88834c870bee510e1609e5b14
part-d-plan-election-type-beneficiary-summary,program_medicare,belongs_to,https://resdac.org/cms-data/files/part-d-plan-election-type-beneficiary-summary?page=1,data/raw/html/dataset_page/000224f3381ebc39db622e3eee762a28c41e05ec.html,8ab253200a7097b7a074c4ca3cf24957df7ba127e1342addfea9ce0c44796253
part-d-plan-election-type-beneficiary-summary,pde,related_to,https://resdac.org/cms-data/files/part-d-plan-election-type-beneficiary-summary?page=1,data/raw/html/dataset_page/000224f3381ebc39db622e3eee762a28c41e05ec.html,8ab253200a7097b7a074c4ca3cf24957df7ba127e1342addfea9ce0c44796253
part-d-prescriber-characteristics,program_medicare,belongs_to,https://resdac.org/cms-data/files/part-d-prescriber-characteristics,data/raw/html/dataset_page/ed8746386872127918f67f0cf5cf3900b9dda0e6.html,db3f0c56304c128cdd23a3a7575597e04e06bfeeb47d9b9ed7c9b71c35652958
part-d-prescriber-characteristics,pde,related_to,https://resdac.org/cms-data/files/part-d-prescriber-characteristics,data/raw/html/dataset_page/ed8746386872127918f67f0cf5cf3900b9dda0e6.html,db3f0c56304c128cdd23a3a7575597e04e06bfeeb47d9b9ed7c9b71c35652958
part-d-prescriber-characteristics,program_medicare,belongs_to,https://resdac.org/cms-data/files/part-d-prescriber-characteristics?page=1,data/raw/html/dataset_page/996a716d9a80f27752f95ccaff466c809c729e0b.html,e639da9390824d4b206487891db7adeed2f28700248fd7a2eda5473b398e4b9a
part-d-prescriber-characteristics,pde,related_to,https://resdac.org/cms-data/files/part-d-prescriber-characteristics?page=1,data/raw/html/dataset_page/996a716d9a80f27752f95ccaff466c809c729e0b.html,e639da9390824d4b206487891db7adeed2f28700248fd7a2eda5473b398e4b9a
pde,program_medicare,belongs_to,https://resdac.org/cms-data/files/pde,data/raw/html/dataset_page/cdd884d3b81899cee979038fcfe2b0286b8be6d9.html,5b12e00d987ebc8e1fcb62a89f076c7e3257f56250e013c5d226f49b9e39de66
pde,plan-characteristics,related_to,https://resdac.org/cms-data/files/pde,data/raw/html/dataset_page/cdd884d3b81899cee979038fcfe2b0286b8be6d9.html,5b12e00d987ebc8e1fcb62a89f076c7e3257f56250e013c5d226f49b9e39de66
pde,part-d-drug-characteristics,related_to,https://resdac.org/cms-data/files/pde,data/raw/html/dataset_page/cdd884d3b81899cee979038fcfe2b0286b8be6d9.html,5b12e00d987ebc8e1fcb62a89f076c7e3257f56250e013c5d226f49b9e39de66
pde,part-d-formulary-file,related_to,https://resdac.org/cms-data/files/pde,data/raw/html/dataset_page/cdd884d3b81899cee979038fcfe2b0286b8be6d9.html,5b12e00d987ebc8e1fcb62a89f076c7e3257f56250e013c5d226f49b9e39de66
pde,part-d-pharmacy-characteristics,related_to,https://resdac.org/cms-data/files/pde,data/raw/html/dataset_page/cdd884d3b81899cee979038fcfe2b0286b8be6d9.html,5b12e00d987ebc8e1fcb62a89f076c7e3257f56250e013c5d226f49b9e39de66
pde,part-d-prescriber-characteristics,related_to,https://resdac.org/cms-data/files/pde,data/raw/html/dataset_page/cdd884d3b81899cee979038fcfe2b0286b8be6d9.html,5b12e00d987ebc8e1fcb62a89f076c7e3257f56250e013c5d226f49b9e39de66
pde,program_medicare,belongs_to,https://resdac.org/cms-data/files/pde?page=1,data/raw/html/dataset_page/5604b2ec7bd4d71517e04a39607d45d5b421650b.html,7822abca956b74e73113243d1baef72949079534ab0aa2218fadd0105f5892b2
pde,plan-characteristics,related_to,https://resdac.org/cms-data/files/pde?page=1,data/raw/html/dataset_page/5604b2ec7bd4d71517e04a39607d45d5b421650b.html,7822abca956b74e73113243d1baef72949079534ab0aa2218fadd0105f5892b2
pde,part-d-drug-characteristics,related_to,https://resdac.org/cms-data/files/pde?page=1,data/raw/html/dataset_page/5604b2ec7bd4d71517e04a39607d45d5b421650b.html,7822abca956b74e73113243d1baef72949079534ab0aa2218fadd0105f5892b2
pde,part-d-formulary-file,related_to,https://resdac.org/cms-data/files/pde?page=1,data/raw/html/dataset_page/5604b2ec7bd4d71517e04a39607d45d5b421650b.html,7822abca956b74e73113243d1baef72949079534ab0aa2218fadd0105f5892b2
pde,part-d-pharmacy-characteristics,related_to,https://resdac.org/cms-data/files/pde?page=1,data/raw/html/dataset_page/5604b2ec7bd4d71517e04a39607d45d5b421650b.html,7822abca956b74e73113243d1baef72949079534ab0aa2218fadd0105f5892b2
pde,part-d-prescriber-characteristics,related_to,https://resdac.org/cms-data/files/pde?page=1,data/raw/html/dataset_page/5604b2ec7bd4d71517e04a39607d45d5b421650b.html,7822abca956b74e73113243d1baef72949079534ab0aa2218fadd0105f5892b2
pioneer-aco,program_medicare,belongs_to,https://resdac.org/cms-data/files/pioneer-aco,data/raw/html/dataset_page/fb3939b957813ca5fd21e0b1a725e4c9a5633f4a.html,b78bde277a4acca9077f25afd21ba07c9959b3dd59e6b3398dda6dcd636bac67
pioneer-aco,program_medicare,belongs_to,https://resdac.org/cms-data/files/pioneer-aco?page=1,data/raw/html/dataset_page/d82072986f1b00818ff87f632eef42c89e309650.html,2f7fdd1ed82c12fe116231b0e71e0cce8939b1d725fe84db29c8e05ba36f1289
plan-characteristics,program_medicare,belongs_to,https://resdac.org/cms-data/files/plan-characteristics,data/raw/html/dataset_page/99b9b8961aaddd80bd94563dc284be0e33b0d76a.html,5c5829f046c8d2cd33b74f2b5ac183840d60a1ceb08912eb2fbd47316c93beb6
plan-characteristics,pde,related_to,https://resdac.org/cms-data/files/plan-characteristics,data/raw/html/dataset_page/99b9b8961aaddd80bd94563dc284be0e33b0d76a.html,5c5829f046c8d2cd33b74f2b5ac183840d60a1ceb08912eb2fbd47316c93beb6
plan-characteristics,program_medicare,belongs_to,https://resdac.org/cms-data/files/plan-characteristics?page=1,data/raw/html/dataset_page/3805074dfb2ebcd6d95a2199f23904fc3b377e30.html,e9be9288d42c75681408eea7287eb4e312dbe42cc2f3f751be18696bbb747692
plan-characteristics,pde,related_to,https://resdac.org/cms-data/files/plan-characteristics?page=1,data/raw/html/dataset_page/3805074dfb2ebcd6d95a2199f23904fc3b377e30.html,e9be9288d42c75681408eea7287eb4e312dbe42cc2f3f751be18696bbb747692
plan-characteristics,program_medicare,belongs_to,https://resdac.org/cms-data/files/plan-characteristics?page=2,data/raw/html/dataset_page/8b7cb3b3ddc436da3e8aba213676753e9c338587.html,b6ff675f93e829ececb22d2c430bff45eba857d4b0082b61c8aa7fb23c51c177
plan-characteristics,pde,related_to,https://resdac.org/cms-data/files/plan-characteristics?page=2,data/raw/html/dataset_page/8b7cb3b3ddc436da3e8aba213676753e9c338587.html,b6ff675f93e829ececb22d2c430bff45eba857d4b0082b61c8aa7fb23c51c177
risk-score-base,program_medicare,belongs_to,https://resdac.org/cms-data/files/risk-score-base,data/raw/html/dataset_page/a908448a73ab3c65dfd95d8626da4db2940148f2.html,08768ad4d032d1acb29abc860e9d8ef0c4cfb6e8503cec991545ba5af48e50c6
risk-score-mofs,program_medicare,belongs_to,https://resdac.org/cms-data/files/risk-score-mofs,data/raw/html/dataset_page/5f790fcd9499f996f1cbe1ebbbb4d8aa4648a8e3.html,a80a1a9f54d0499fabb78951f2fe3b7d88cb2ffcd31c3d3ee617d84b4ad62495
snf-encounter,program_medicare,belongs_to,https://resdac.org/cms-data/files/snf-encounter,data/raw/html/dataset_page/c298ca60db439d8979df17cc3dc170729820e43b.html,506d12896f945f2d3016c718f4805c76f976b604fa153ba8db41195bc5da4b85
snf-encounter,program_medicare,belongs_to,https://resdac.org/cms-data/files/snf-encounter?page=1,data/raw/html/dataset_page/eed21d0774a179752ac17aee49aaa749c44920f1.html,47ad3de5a2f50ae6e65784bf62dc8d91dce88d1ad2176826d4d7c16d2fcceae3
snf-encounter,program_medicare,belongs_to,https://resdac.org/cms-data/files/snf-encounter?page=2,data/raw/html/dataset_page/970e4806529a8e1d182c58a55b451dc499166a4b.html,a155f6a2bb34800518bd25c55202b00f99bc8cf24b0eea41d817fdb4c5c814e1
snf-ffs,program_medicare,belongs_to,https://resdac.org/cms-data/files/snf-ffs,data/raw/html/dataset_page/8377dc546ecfb2a54ed25e3e14aa2eeb838960e6.html,122c1361a2748d02d8938323cdba3c7f582aa6e4ab28b8bcc2ca56ba6e0f2f25
ssp-aco-beneficiary,program_medicare,belongs_to,https://resdac.org/cms-data/files/ssp-aco-beneficiary,data/raw/html/dataset_page/851e2f88706bf729d191326e820cefd76c359914.html,22a65c854871c62ed1bd693e14016dfbc9d044ccc646925cf7c3e43047848a8f
ssp-aco-beneficiary,program_medicare,belongs_to,https://resdac.org/cms-data/files/ssp-aco-beneficiary?page=1,data/raw/html/dataset_page/e0b196e3d259fa2849b7e990d5bd1d887944fcad.html,9cf61b19734a3affd7df0cf9320ca85f04df29367f7f63e8463b30f87e64d3cf
ssp-aco-provider,program_medicare,belongs_to,https://resdac.org/cms-data/files/ssp-aco-provider,data/raw/html/dataset_page/fb2a7214beb51ea5c91964981c4777dbc7fd7664.html,a0f3ffa8d04cdd9290c60f595b7f746e4c559fafb5203e396740ccc3c33b03cb
ssp-aco-provider,program_medicare,belongs_to,https://resdac.org/cms-data/files/ssp-aco-provider?page=1,data/raw/html/dataset_page/09b860ae2397d9bc1589465c525822cef2fc97e5.html,375659a086f524ad3e622b9f93287b5e309cb558dfdd9203a4a3756e52875e7a
taf-apl,program_medicaid,belongs_to,https://resdac.org/cms-data/files/taf-apl,data/raw/html/dataset_page/2b82e934c59155c82d8d097d9c9967f22ca861d6.html,cc4a75d172b57bf3a6359d32f510b2550d131f5f46bd97e083a2c01129ec008b
taf-apl,program_medicaid,belongs_to,https://resdac.org/cms-data/files/taf-apl?page=1,data/raw/html/dataset_page/ef2fdeba8f725b33646c3330c2dd580e7ae885c9.html,d7973dc164ff0f239a45065c8794078d8b8b20ddc9b7891a447efaee31e2f3f5
taf-apr,program_medicaid,belongs_to,https://resdac.org/cms-data/files/taf-apr,data/raw/html/dataset_page/81facd64260398256b70954b1dc6a5772e920097.html,6bf5f12a045605ed66580a61678e13c47ae09a9cf5d711d5625773300df36324
taf-apr,program_medicaid,belongs_to,https://resdac.org/cms-data/files/taf-apr?page=1,data/raw/html/dataset_page/faaebb337d9dec4e28d79cb5a753eab265e67b07.html,4959b645c4a647b28085ad14ca85d42d08efe850f41990084d35e57e3ebd0220
taf-de,program_medicaid,belongs_to,https://resdac.org/cms-data/files/taf-de,data/raw/html/dataset_page/210e4a188a4be86fbb03b881114a897529c30c3c.html,ab795ed810ea253a94c600aa8b0d0e19e2b3ba9c906927bfa54d9e4e9e1c8b13
taf-de,max-ps,related_to,https://resdac.org/cms-data/files/taf-de,data/raw/html/dataset_page/210e4a188a4be86fbb03b881114a897529c30c3c.html,ab795ed810ea253a94c600aa8b0d0e19e2b3ba9c906927bfa54d9e4e9e1c8b13
taf-de,program_medicaid,belongs_to,https://resdac.org/cms-data/files/taf-de?page=1,data/raw/html/dataset_page/0a0a7d344c3ed4b1d8926319bdc536abac765db3.html,7a1df913d0fa46b516e4b7a5beb63e1b8661d6ece54e935f9fc2f73cc376c2bc
taf-de,max-ps,related_to,https://resdac.org/cms-data/files/taf-de?page=1,data/raw/html/dataset_page/0a0a7d344c3ed4b1d8926319bdc536abac765db3.html,7a1df913d0fa46b516e4b7a5beb63e1b8661d6ece54e935f9fc2f73cc376c2bc
taf-ip,program_medicaid,belongs_to,https://resdac.org/cms-data/files/taf-ip,data/raw/html/dataset_page/5a075429c574797815c4e25ee13d785ad327f696.html,9ec506c5b44945ddc80814da99171ec40401dfcb7a7cd043da44f39342a6be82
taf-ip,max-ip,related_to,https://resdac.org/cms-data/files/taf-ip,data/raw/html/dataset_page/5a075429c574797815c4e25ee13d785ad327f696.html,9ec506c5b44945ddc80814da99171ec40401dfcb7a7cd043da44f39342a6be82
taf-ip,program_medicaid,belongs_to,https://resdac.org/cms-data/files/taf-ip?page=1,data/raw/html/dataset_page/23f761c8121bfd6102211d9258b0c2148fab83b6.html,875f0e769226d45e22f5d68b5fca4c49472879c0c9d3d531493796a78ede3752
taf-ip,max-ip,related_to,https://resdac.org/cms-data/files/taf-ip?page=1,data/raw/html/dataset_page/23f761c8121bfd6102211d9258b0c2148fab83b6.html,875f0e769226d45e22f5d68b5fca4c49472879c0c9d3d531493796a78ede3752
taf-lt,program_medicaid,belongs_to,https://resdac.org/cms-data/files/taf-lt,data/raw/html/dataset_page/c974358335ae2d04e168a9d06399d1a28835ea99.html,ee03e7abe60ebba4d77b7c962934a8dec0f2a70bef192ee94118a1ce652b56cc
taf-lt,max-lt,related_to,https://resdac.org/cms-data/files/taf-lt,data/raw/html/dataset_page/c974358335ae2d04e168a9d06399d1a28835ea99.html,ee03e7abe60ebba4d77b7c962934a8dec0f2a70bef192ee94118a1ce652b56cc
taf-lt,program_medicaid,belongs_to,https://resdac.org/cms-data/files/taf-lt?page=1,data/raw/html/dataset_page/8cb6484ad20a60abb1e2f652756c576cfbf5dba9.html,bd59f1f999cd3a2acaa71f4b1949d1175249efb9adfcc44ec33a9dc499159f52
taf-lt,max-lt,related_to,https://resdac.org/cms-data/files/taf-lt?page=1,data/raw/html/dataset_page/8cb6484ad20a60abb1e2f652756c576cfbf5dba9.html,bd59f1f999cd3a2acaa71f4b1949d1175249efb9adfcc44ec33a9dc499159f52
taf-ot,program_medicaid,belongs_to,https://resdac.org/cms-data/files/taf-ot,data/raw/html/dataset_page/e035d9a83c53da628f0acde8956ee6d584a56959.html,102cb617b0ec4ff99cbb1c2cc194d4ac854fcfb3a89cadd8b9aa857d4883a1c2
taf-ot,max-ot,related_to,https://resdac.org/cms-data/files/taf-ot,data/raw/html/dataset_page/e035d9a83c53da628f0acde8956ee6d584a56959.html,102cb617b0ec4ff99cbb1c2cc194d4ac854fcfb3a89cadd8b9aa857d4883a1c2
taf-ot,program_medicaid,belongs_to,https://resdac.org/cms-data/files/taf-ot?page=1,data/raw/html/dataset_page/e8e2904b3213cf56a2268504d89441a497e5b1cf.html,cc4cc40f893570a650888e776ed35cb14bd3cfe5329398494b72153c68c08310
taf-ot,max-ot,related_to,https://resdac.org/cms-data/files/taf-ot?page=1,data/raw/html/dataset_page/e8e2904b3213cf56a2268504d89441a497e5b1cf.html,cc4cc40f893570a650888e776ed35cb14bd3cfe5329398494b72153c68c08310
taf-rx,program_medicaid,belongs_to,https://resdac.org/cms-data/files/taf-rx,data/raw/html/dataset_page/03d1c633e688040a12e27610be256f8cc091aaf0.html,1e2e29e70cba0fda3a36bc4743265a68cb9406a82ce835baaf103ed6d69b46ce
taf-rx,max-rx,related_to,https://resdac.org/cms-data/files/taf-rx,data/raw/html/dataset_page/03d1c633e688040a12e27610be256f8cc091aaf0.html,1e2e29e70cba0fda3a36bc4743265a68cb9406a82ce835baaf103ed6d69b46ce
taf-rx,program_medicaid,belongs_to,https://resdac.org/cms-data/files/taf-rx?page=1,data/raw/html/dataset_page/4e158ec9ec730af462c8ee86fbfacdaf76bb7468.html,f55e0ab45c9ddd4e2225e066013fe3aff80cef2ea0e471e8bf78a1504419aa48
taf-rx,max-rx,related_to,https://resdac.org/cms-data/files/taf-rx?page=1,data/raw/html/dataset_page/4e158ec9ec730af462c8ee86fbfacdaf76bb7468.html,f55e0ab45c9ddd4e2225e066013fe3aff80cef2ea0e471e8bf78a1504419aa48
vm-beneficiary,program_medicare,belongs_to,https://resdac.org/cms-data/files/vm-beneficiary,data/raw/html/dataset_page/3653a61ab2265561a4d3c9f1514c804364c08c00.html,82d52261a1ee776263388aa9b7ebe82b226ce1ea97b0a51dbe8b65e2f2d2d26d
vm-beneficiary,program_medicare,belongs_to,https://resdac.org/cms-data/files/vm-beneficiary?page=1,data/raw/html/dataset_page/74b7ff42b4d90f31994ef3c216ee9fb7851c1afa.html,e61b71f97f2129c7e3844471f9ed502af1ef72e9576894d1d2078a3d94defb3e
vm-npi-practice,program_medicare,belongs_to,https://resdac.org/cms-data/files/vm-npi-practice,data/raw/html/dataset_page/01eb4fe57527d05d88b1ecd7f5129931a5bb5a3b.html,31ee646733f8820f39058cdb1f1e651f213277ca5bdf0752c6c791b61ab455d9
vm-npi-practice,program_medicare,belongs_to,https://resdac.org/cms-data/files/vm-npi-practice?page=1,data/raw/html/dataset_page/ae5d36997a900aec079861d6a07524b88ba61ff0.html,1ba3ba522b736a9e420068aa761b244514ba2c1bd93743b37763b5cebaca3f5f
vm-practice,program_medicare,belongs_to,https://resdac.org/cms-data/files/vm-practice,data/raw/html/dataset_page/34fdc792e002fce269f5f69b4a6da2e20bbfc4fa.html,abc9e4a14e49e98ebc1780fa29b95a9a5e1e575b8fff8a77a2e504d3f91e70fc
vm-practice,program_medicare,belongs_to,https://resdac.org/cms-data/files/vm-practice?page=1,data/raw/html/dataset_page/8f9b0a385f4ff82247804dc387eb5b717016df6e.html,e908e7aac3b7d98f296e2c519f515793896e6d63f9a62fd97ca885dd1a3ec9ac
